{
    "eunseo12": {
        "eye_distance": 0.14961967393001804,
        "nose_chin_distance": 0.17519954257061832,
        "mouth_width": 0.06980310024924923,
        "forehead_chin_distance": 0.36341730779780124,
        "cheek_distance": 0.23223919165969112,
        "nose_bridge_length": 0.08724363258855905
    },
    "daeun01": {
        "eye_distance": 0.16582571710794952,
        "nose_chin_distance": 0.19477777416060812,
        "mouth_width": 0.08760310652062998,
        "forehead_chin_distance": 0.36720260222511325,
        "cheek_distance": 0.24264937564598205,
        "nose_bridge_length": 0.08314191098008512
    },
    "lmj123": {
        "eye_distance": 0.12781888978437228,
        "nose_chin_distance": 0.1544559819576674,
        "mouth_width": 0.0592236310656816,
        "forehead_chin_distance": 0.312032009105692,
        "cheek_distance": 0.20103056123633628,
        "nose_bridge_length": 0.0707808790415239
    },
    "eunseo1111": {
        "eye_distance": 0.17051569775615594,
        "nose_chin_distance": 0.1900945045349677,
        "mouth_width": 0.08273880113255401,
        "forehead_chin_distance": 0.41028109214202746,
        "cheek_distance": 0.26031820672395434,
        "nose_bridge_length": 0.1011324791759083
    }
}